{"x": -1.7449959938249398, "y": 5.466108418681281, "z": 0.0, "qx": 0.0, "qy": 0.0, "qz": 0.6573777302569399, "qw": 0.7535612249593486, "timestamp": 1756433772.044242}