{"x": 2.6148725372152772, "y": 5.994997906750248, "z": 0.0, "qx": 0.0, "qy": 0.0, "qz": -0.06440342436667269, "qw": 0.9979239444616239, "timestamp": 1750927641.393892}