{"x": -1.9134847641767219, "y": 1.3890768802551263, "z": 0.0, "qx": 0.0, "qy": 0.0, "qz": -0.712394401022593, "qw": 0.7017793224309627, "timestamp": 1755243091.448791}