{"x": -1.1283808322809254, "y": 4.177309368475334, "z": 0.0, "qx": 0.0, "qy": 0.0, "qz": 0.7319428350545054, "qw": 0.6813660442173305, "timestamp": 1754639907.7508178}